rank,name,full_name,appearances,goals,assists,minutes_played,period,jersey_name,jersey_number,yellow_cards,red_cards,club,position,height,nation,nation_code,profile_url,image_url,club_logo_url,date_of_birth,place_of_birth,status
1,Steven Thompson,Steven Howard Thompson,180,52,23,13.341,N/A,Thompson,Unknown,21,2,St. Mirren FC,Attack - Centre-Forward,"1,88 m",Scotland,unknown,https://www.transfermarkt.us/steven-thompson/profil/spieler/9616,https://img.a.transfermarkt.technology/portrait/small/s_9616_465_2013_02_11_1.jpg?lm=1,N/A,14.10.1978,Paisley,Retired
2,John Sutton,John William Michael Sutton,129,38,11,8.784,N/A,Sutton,Unknown,2,1,St. Mirren FC,Attack - Centre-Forward,"1,86 m",England,unknown,https://www.transfermarkt.us/john-sutton/profil/spieler/14735,https://img.a.transfermarkt.technology/portrait/small/s_14735_987_2014_04_08_1.jpg?lm=1,N/A,26.12.1983,Norwich,Retired
3,Billy Mehmet,Billy Osman Beyza,172,34,15,11.696,N/A,Mehmet,#99,20,0,St. Mirren FC,Attack - Centre-Forward,"1,89 m",Ireland,ie,https://www.transfermarkt.us/billy-mehmet/profil/spieler/12637,https://img.a.transfermarkt.technology/portrait/small/12637-1696252652.jpg?lm=1,N/A,03.01.1984,London,Alsancak Yesilova SK
4,Lewis Morgan,Lewis Anthony Morgan,118,29,23,8.244,N/A,Morgan,#9,3,0,St. Mirren FC,Attack - Left Winger,"1,78 m",Scotland,unknown,https://www.transfermarkt.us/lewis-morgan/profil/spieler/311351,https://img.a.transfermarkt.technology/portrait/small/311351-1740944110.jpg?lm=1,N/A,30.09.1996,Paisley,New York Red Bulls
5,Stevie Mallan,Stephen Mallan junior,112,29,32,9.629,N/A,Mallan,Unknown,15,0,St. Mirren FC,Midfield - Central Midfield,"1,80 m",Scotland,unknown,https://www.transfermarkt.us/stevie-mallan/profil/spieler/331089,https://img.a.transfermarkt.technology/portrait/small/331089-1629974566.png?lm=1,N/A,25.03.1996,Glasgow,Without Club
6,Paul McGowan,Unknown,154,25,25,12.835,N/A,McGowan,#8,23,1,St. Mirren FC,Midfield - Central Midfield,"1,71 m",Scotland,unknown,https://www.transfermarkt.us/paul-mcgowan/profil/spieler/43734,https://img.a.transfermarkt.technology/portrait/small/43734-1626167798.jpg?lm=1,N/A,07.10.1987,Bellshill,Annan Athletic FC
7,Mark O'Hara,Unknown,103,24,8,8.633,N/A,O'Hara,#6,16,0,St. Mirren FC,Midfield - Defensive Midfield,Unknown,Scotland,unknown,https://www.transfermarkt.us/mark-ohara/profil/spieler/235780,https://img.a.transfermarkt.technology/portrait/small/235780-1624546973.jpg?lm=1,N/A,12.12.1995,Barrhead,St. Mirren FC
8,Kenny McLean,Kenneth McLean,152,24,8,11.783,N/A,McLean,#23,12,2,St. Mirren FC,Midfield - Central Midfield,"1,80 m",Scotland,unknown,https://www.transfermarkt.us/kenny-mclean/profil/spieler/126600,https://img.a.transfermarkt.technology/portrait/small/126600-1701543723.jpg?lm=1,N/A,08.01.1992,Rutherglen,Norwich City
9,Andy Dorman,Andrew Dorman,101,22,24,7.983,N/A,Dorman,Unknown,7,0,St. Mirren FC,Midfield - Defensive Midfield,"1,85 m",Wales,unknown,https://www.transfermarkt.us/andy-dorman/profil/spieler/39886,https://img.a.transfermarkt.technology/portrait/small/39886-1656196538.jpg?lm=1,N/A,01.05.1982,Chester,Retired
10,Gavin Reilly,Unknown,44,22,5,2.924,N/A,Reilly,#9,2,0,St. Mirren FC,Attack - Centre-Forward,"1,81 m",Scotland,unknown,https://www.transfermarkt.us/gavin-reilly/profil/spieler/156764,https://img.a.transfermarkt.technology/portrait/small/156764-1624630936.jpg?lm=1,N/A,10.05.1993,Dumfries,Arbroath FC
11,Michael Higdon,Unknown,75,21,6,5.402,N/A,Higdon,Unknown,10,0,St. Mirren FC,Attack - Centre-Forward,"1,85 m",England,unknown,https://www.transfermarkt.us/michael-higdon/profil/spieler/14170,https://img.a.transfermarkt.technology/portrait/small/s_14170_987_2013_02_11_1.jpg?lm=1,N/A,02.09.1983,Liverpool,Retired
12,Jamie McGrath,Unknown,79,20,7,6.340,N/A,McGrath,#7,9,0,St. Mirren FC,Attack - Left Winger,"1,75 m",Ireland,ie,https://www.transfermarkt.us/jamie-mcgrath/profil/spieler/344107,https://img.a.transfermarkt.technology/portrait/small/344107-1625663939.jpg?lm=1,N/A,30.09.1996,Athboy,Aberdeen FC
13,Jonathan Obika,Jonathan Chiedozie Obika,77,20,6,5.360,N/A,Obika,Unknown,4,0,St. Mirren FC,Attack - Centre-Forward,"1,82 m",England,unknown,https://www.transfermarkt.us/jonathan-obika/profil/spieler/61838,https://img.a.transfermarkt.technology/portrait/small/default.jpg?lm=1,N/A,12.09.1990,London,Retired
14,Toyosi Olusanya,Olutoyosi Tajudeen Olusanya,83,19,6,4.302,N/A,Olusanya,#20,13,1,St. Mirren FC,Attack - Centre-Forward,"1,81 m",England,unknown,https://www.transfermarkt.us/toyosi-olusanya/profil/spieler/434981,https://img.a.transfermarkt.technology/portrait/small/434981-1656922318.jpg?lm=1,N/A,14.10.1997,London,St. Mirren FC
15,Ricky Gillies,Richard Gillies,74,19,0,6.273,N/A,Gillies,Unknown,8,1,St. Mirren FC,Attack - Centre-Forward,"1,78 m",Scotland,unknown,https://www.transfermarkt.us/ricky-gillies/profil/spieler/14784,https://img.a.transfermarkt.technology/portrait/small/default.jpg?lm=1,N/A,24.08.1976,Glasgow,Retired
16,Mikael Mandron,Mikaël Yann Mathieu Mandron,76,17,7,4.290,N/A,Mandron,#9,8,0,St. Mirren FC,Attack - Centre-Forward,"1,91 m",France,fr,https://www.transfermarkt.us/mikael-mandron/profil/spieler/218144,https://img.a.transfermarkt.technology/portrait/small/218144-1633439175.jpg?lm=1,N/A,11.10.1994,Boulogne-sur-Mer,St. Mirren FC
17,Cammy Smith,Cameron Smith,84,17,18,6.282,N/A,Smith,#17,8,0,St. Mirren FC,Attack - Second Striker,"1,75 m",Scotland,unknown,https://www.transfermarkt.us/cammy-smith/profil/spieler/158938,https://img.a.transfermarkt.technology/portrait/small/158938-1638042579.jpg?lm=1,N/A,24.08.1995,Balmedie,Peterhead FC
18,Stewart Kean,Unknown,97,17,4,5.898,N/A,Kean,Unknown,1,0,St. Mirren FC,Attack - Centre-Forward,"1,75 m",Scotland,unknown,https://www.transfermarkt.us/stewart-kean/profil/spieler/14617,https://img.a.transfermarkt.technology/portrait/small/default.jpg?lm=1,N/A,04.03.1983,Irvine,Unknown
19,Stephen McGinn,Unknown,198,15,15,14.791,N/A,McGinn,Unknown,24,0,St. Mirren FC,Midfield - Central Midfield,"1,74 m",Scotland,unknown,https://www.transfermarkt.us/stephen-mcginn/profil/spieler/51430,https://img.a.transfermarkt.technology/portrait/small/s_51430_350_2013_09_24_1.jpg?lm=1,N/A,02.12.1988,Glasgow,Retired
20,Lawrence Shankland,Unknown,55,14,7,3.682,N/A,Shankland,#9,9,0,St. Mirren FC,Attack - Centre-Forward,"1,85 m",Scotland,unknown,https://www.transfermarkt.us/lawrence-shankland/profil/spieler/225744,https://img.a.transfermarkt.technology/portrait/small/225744-1710925414.jpg?lm=1,N/A,10.08.1995,Glasgow,Heart of Midlothian FC
21,Danny Mullen,Unknown,72,14,6,3.894,N/A,Mullen,#21,7,0,St. Mirren FC,Attack - Centre-Forward,"1,76 m",Scotland,unknown,https://www.transfermarkt.us/danny-mullen/profil/spieler/238288,https://img.a.transfermarkt.technology/portrait/small/238288-1626168300.jpg?lm=1,N/A,01.03.1995,Coatbridge,Derry City
22,Steven Thomson,Unknown,118,13,9,9.318,N/A,Thomson,Unknown,9,1,St. Mirren FC,Midfield - Central Midfield,"1,73 m",Scotland,unknown,https://www.transfermarkt.us/steven-thomson/profil/spieler/36653,https://img.a.transfermarkt.technology/portrait/small/default.jpg?lm=1,N/A,23.01.1978,Glasgow,Retired
23,Curtis Main,Curtis Lee Main,74,12,7,5.246,N/A,Main,#30,7,0,St. Mirren FC,Attack - Centre-Forward,"1,78 m",England,unknown,https://www.transfermarkt.us/curtis-main/profil/spieler/77715,https://img.a.transfermarkt.technology/portrait/small/77715-1697283431.jpg?lm=1,N/A,20.06.1992,South Shields,Ayr United FC
24,Craig Dargo,Craig Peter Dargo,109,11,18,6.012,N/A,Dargo,Unknown,11,0,St. Mirren FC,Attack - Centre-Forward,"1,68 m",Scotland,unknown,https://www.transfermarkt.us/craig-dargo/profil/spieler/12731,https://img.a.transfermarkt.technology/portrait/small/default.jpg?lm=1,N/A,03.01.1978,Edinburgh,Retired
25,Greg Kiltie,Unknown,138,11,17,8.614,N/A,Kiltie,#11,13,1,St. Mirren FC,Attack - Left Winger,"1,73 m",Scotland,unknown,https://www.transfermarkt.us/greg-kiltie/profil/spieler/244256,https://img.a.transfermarkt.technology/portrait/small/244256-1624880237.jpg?lm=1,N/A,18.01.1997,Irvine,St. Mirren FC
26,Martin Cameron,Martin George William Cameron,24,11,0,1.947,N/A,Cameron,Unknown,2,0,St. Mirren FC,Attack - Centre-Forward,"1,85 m",Scotland,unknown,https://www.transfermarkt.us/martin-cameron/profil/spieler/36698,https://img.a.transfermarkt.technology/portrait/small/default.jpg?lm=1,N/A,16.06.1978,Dunfermline,Retired
27,Jonah Ayunga,Jonah Ananias Paul Ayunga,69,10,8,3.546,N/A,Ayunga,#7,8,1,St. Mirren FC,Attack - Centre-Forward,"1,85 m",Kenya,ke,https://www.transfermarkt.us/jonah-ayunga/profil/spieler/420777,https://img.a.transfermarkt.technology/portrait/small/420777-1644930611.jpg?lm=1,N/A,24.05.1997,Beaminster,St. Mirren FC
28,Alex Greive,Unknown,76,9,2,3.052,N/A,Greive,#11,3,0,St. Mirren FC,Attack - Centre-Forward,"1,78 m",New Zealand,nz,https://www.transfermarkt.us/alex-greive/profil/spieler/835410,https://img.a.transfermarkt.technology/portrait/small/835410-1736535072.jpg?lm=1,N/A,13.05.1999,Auckland,San Antonio FC
29,Connor Ronan,Connor Patrick Ronan,30,8,5,2.400,N/A,Ronan,#20,2,1,St. Mirren FC,Midfield - Central Midfield,"1,71 m",Ireland,ie,https://www.transfermarkt.us/connor-ronan/profil/spieler/337787,https://img.a.transfermarkt.technology/portrait/small/337787-1740820601.jpg?lm=1,N/A,06.03.1998,Rochdale,Colorado Rapids
30,Conor Newton,Unknown,61,8,7,5.130,N/A,Newton,Unknown,6,0,St. Mirren FC,Midfield - Central Midfield,"1,81 m",England,unknown,https://www.transfermarkt.us/conor-newton/profil/spieler/222148,https://img.a.transfermarkt.technology/portrait/small/default.jpg?lm=1,N/A,17.10.1991,Whickham,Without Club
31,Eamonn Brophy,Unknown,58,8,2,2.937,N/A,Brophy,#25,3,0,St. Mirren FC,Attack - Centre-Forward,"1,75 m",Scotland,unknown,https://www.transfermarkt.us/eamonn-brophy/profil/spieler/265513,https://img.a.transfermarkt.technology/portrait/small/265513-1624880512.jpg?lm=1,N/A,10.03.1996,Cleland,Falkirk FC
32,Graham Carey,Unknown,86,8,11,5.194,N/A,Carey,#11,9,0,St. Mirren FC,Midfield - Left Midfield,"1,83 m",Ireland,ie,https://www.transfermarkt.us/graham-carey/profil/spieler/80339,https://img.a.transfermarkt.technology/portrait/small/80339-1624292253.png?lm=1,N/A,20.05.1989,Blanchardstown,St. Johnstone FC
33,Nigel Hasselbaink,Unknown,42,8,5,2.462,N/A,Hasselbaink,Unknown,5,1,St. Mirren FC,Attack - Centre-Forward,"1,70 m",Suriname,sr,https://www.transfermarkt.us/nigel-hasselbaink/profil/spieler/88212,https://img.a.transfermarkt.technology/portrait/small/88212-1447920895.jpg?lm=1,N/A,21.11.1990,Amsterdam,Retired
34,İlkay Durmuş,Unknown,71,8,7,4.619,N/A,Durmuş,#99,3,0,St. Mirren FC,Attack - Left Winger,"1,80 m",Türkiye,tr,https://www.transfermarkt.us/ilkay-durmus/profil/spieler/119549,https://img.a.transfermarkt.technology/portrait/small/119549-1669218724.png?lm=1,N/A,01.05.1994,Stuttgart,Polonia Warsaw
35,Alex Gogic,Αλέξανδρος Γκόγκιτς,129,8,3,10.788,N/A,Gogic,#13,25,0,St. Mirren FC,Midfield - Defensive Midfield,"1,85 m",Cyprus,cy,https://www.transfermarkt.us/alex-gogic/profil/spieler/225393,https://img.a.transfermarkt.technology/portrait/small/225393-1624008149.jpg?lm=1,N/A,13.04.1994,Nicosia,St. Mirren FC
36,Esmaël Gonçalves,Esmaël Ruti Tavares Cruz da Silva Gonçalves,16,8,2,1.230,N/A,Gonçalves,#53,3,0,St. Mirren FC,Attack - Centre-Forward,"1,84 m",Guinea-Bissau,gw,https://www.transfermarkt.us/esmael-goncalves/profil/spieler/173835,https://img.a.transfermarkt.technology/portrait/small/173835-1411641855.JPG?lm=1,N/A,25.06.1991,Bissau,SC Lusitânia dos Açores
37,Calum Gallagher,Unknown,53,8,6,3.512,N/A,Gallagher,#9,2,0,St. Mirren FC,Attack - Centre-Forward,"1,80 m",Scotland,unknown,https://www.transfermarkt.us/calum-gallagher/profil/spieler/208929,https://img.a.transfermarkt.technology/portrait/small/default.jpg?lm=1,N/A,13.09.1994,Giffnock,Arbroath FC
38,Sean Kelly,Sean Kelly Brogan,101,7,3,8.391,N/A,Kelly,#2,6,0,St. Mirren FC,Defender - Centre-Back,"1,88 m",Scotland,unknown,https://www.transfermarkt.us/sean-kelly/profil/spieler/226151,https://img.a.transfermarkt.technology/portrait/small/226151-1634025398.jpg?lm=1,N/A,01.11.1993,Glasgow,Partick Thistle FC
39,Kyle Magennis,Unknown,105,7,9,8.460,N/A,Magennis,#16,7,0,St. Mirren FC,Midfield - Central Midfield,"1,81 m",Scotland,unknown,https://www.transfermarkt.us/kyle-magennis/profil/spieler/399258,https://img.a.transfermarkt.technology/portrait/small/399258-1624009489.jpg?lm=1,N/A,26.08.1998,Glasgow,Kilmarnock FC
40,Kyle McAllister,Unknown,111,7,12,5.220,N/A,McAllister,#7,11,0,St. Mirren FC,Attack - Right Winger,"1,78 m",Scotland,unknown,https://www.transfermarkt.us/kyle-mcallister/profil/spieler/399260,https://img.a.transfermarkt.technology/portrait/small/399260-1625664006.jpg?lm=1,N/A,21.01.1999,Paisley,Forest Green Rovers
41,Joe Shaughnessy,Joseph Shaughnessy,113,7,5,9.328,N/A,Shaughnessy,#5,13,2,St. Mirren FC,Defender - Centre-Back,"1,83 m",Ireland,ie,https://www.transfermarkt.us/joe-shaughnessy/profil/spieler/119574,https://img.a.transfermarkt.technology/portrait/small/119574-1625662503.jpg?lm=1,N/A,06.07.1992,Galway,Dundee FC
42,Rory Loy,Rory James Loy,25,7,4,1.361,N/A,Loy,Unknown,3,0,St. Mirren FC,Attack - Centre-Forward,"1,78 m",Scotland,unknown,https://www.transfermarkt.us/rory-loy/profil/spieler/21382,https://img.a.transfermarkt.technology/portrait/small/default.jpg?lm=1,N/A,19.03.1988,Dumfries,Retired
43,Jim Hamilton,James Hamilton,43,6,5,2.278,N/A,Hamilton,Unknown,8,0,St. Mirren FC,Attack - Centre-Forward,"1,82 m",Scotland,unknown,https://www.transfermarkt.us/jim-hamilton/profil/spieler/14752,https://img.a.transfermarkt.technology/portrait/small/default.jpg?lm=1,N/A,09.02.1976,Aberdeen,Retired
44,Mark Corcoran,Mark Christian Corcoran,76,6,3,3.727,N/A,Corcoran,Unknown,3,0,St. Mirren FC,Midfield - Left Midfield,"1,78 m",Scotland,unknown,https://www.transfermarkt.us/mark-corcoran/profil/spieler/21732,https://img.a.transfermarkt.technology/portrait/small/default.jpg?lm=1,N/A,30.11.1980,Perth,Retired
45,Caolan Boyd-Munce,Caolan Stephen Boyd-Munce,74,6,5,4.425,N/A,Boyd-Munce,#15,6,0,St. Mirren FC,Midfield - Central Midfield,"1,83 m",Northern Ireland,unknown,https://www.transfermarkt.us/caolan-boyd-munce/profil/spieler/438086,https://img.a.transfermarkt.technology/portrait/small/438086-1712328880.jpg?lm=1,N/A,26.01.2000,Belfast,St. Mirren FC
46,Harry Davis,Harry Spencer Davis,31,6,1,2.741,N/A,Davis,#4,3,0,St. Mirren FC,Defender - Centre-Back,"1,85 m",England,unknown,https://www.transfermarkt.us/harry-davis/profil/spieler/123675,https://img.a.transfermarkt.technology/portrait/small/s_123675_1042_2013_09_23_1.jpg?lm=1,N/A,24.09.1991,Burnley,AFC Fylde
47,Simon Lappin,Unknown,96,6,2,7.699,N/A,Lappin,Unknown,5,0,St. Mirren FC,Midfield - Central Midfield,"1,80 m",Scotland,unknown,https://www.transfermarkt.us/simon-lappin/profil/spieler/14792,https://img.a.transfermarkt.technology/portrait/small/s_14792_603_2013_04_17_1.jpg?lm=1,N/A,25.01.1983,Glasgow,Retired
48,Simeon Jackson,Simeon Alexander Jackson,32,6,2,2.262,N/A,Jackson,Unknown,2,0,St. Mirren FC,Attack - Centre-Forward,"1,72 m",Canada,ca,https://www.transfermarkt.us/simeon-jackson/profil/spieler/44913,https://img.a.transfermarkt.technology/portrait/small/s_44913_1123_2013_03_06_1.jpg?lm=1,N/A,28.03.1987,Kingston,Retired
49,Stephen O'Donnell,Stephen James O'Donnell,51,6,1,2.146,N/A,O'Donnell,Unknown,7,0,St. Mirren FC,Midfield - Central Midfield,"1,83 m",Scotland,unknown,https://www.transfermarkt.us/stephen-odonnell/profil/spieler/14852,https://img.a.transfermarkt.technology/portrait/small/default.jpg?lm=1,N/A,10.07.1983,Bellshill,Retired
50,Scott Tanser,Unknown,144,6,13,11.136,N/A,Tanser,#3,16,0,St. Mirren FC,Defender - Left-Back,"1,82 m",England,unknown,https://www.transfermarkt.us/scott-tanser/profil/spieler/268119,https://img.a.transfermarkt.technology/portrait/small/268119-1625662842.jpg?lm=1,N/A,23.10.1994,Blackpool,St. Mirren FC
51,Jack Baird,Unknown,164,6,3,13.669,N/A,Baird,#5,21,3,St. Mirren FC,Defender - Centre-Back,"1,88 m",Scotland,unknown,https://www.transfermarkt.us/jack-baird/profil/spieler/331087,https://img.a.transfermarkt.technology/portrait/small/default.jpg?lm=1,N/A,07.02.1996,Glasgow,Greenock Morton FC
52,Kristian Dennis,Unknown,40,6,1,1.363,N/A,Dennis,#14,2,1,St. Mirren FC,Attack - Centre-Forward,"1,80 m",England,unknown,https://www.transfermarkt.us/kristian-dennis/profil/spieler/67375,https://img.a.transfermarkt.technology/portrait/small/67375-1628698530.jpg?lm=1,N/A,12.03.1990,Manchester,Tranmere Rovers
53,Marc McAusland,Unknown,187,6,7,15.614,N/A,McAusland,#13,36,1,St. Mirren FC,Defender - Centre-Back,"1,91 m",Scotland,unknown,https://www.transfermarkt.us/marc-mcausland/profil/spieler/65264,https://img.a.transfermarkt.technology/portrait/small/default.jpg?lm=1,N/A,13.08.1988,Paisley,ÍR Reykjavík
54,Marcus Fraser,Unknown,214,6,6,18.797,N/A,Fraser,#22,27,2,St. Mirren FC,Defender - Right-Back,"1,82 m",Scotland,unknown,https://www.transfermarkt.us/marcus-fraser/profil/spieler/132203,https://img.a.transfermarkt.technology/portrait/small/132203-1625663545.jpg?lm=1,N/A,23.06.1994,Glasgow,St. Mirren FC
55,Gary MacKenzie,Unknown,74,6,2,5.905,N/A,MacKenzie,Unknown,10,0,St. Mirren FC,Defender - Centre-Back,"1,91 m",Scotland,unknown,https://www.transfermarkt.us/gary-mackenzie/profil/spieler/29004,https://img.a.transfermarkt.technology/portrait/small/default.jpg?lm=1,N/A,15.10.1985,Lanark,Retired
56,Ryan Strain,Unknown,64,5,10,5.022,N/A,Strain,#2,8,1,St. Mirren FC,Defender - Right-Back,"1,81 m",Australia,au,https://www.transfermarkt.us/ryan-strain/profil/spieler/549354,https://img.a.transfermarkt.technology/portrait/small/549354-1669106236.jpg?lm=1,N/A,02.04.1997,Coventry,Dundee United FC
57,Charlie Adam,Charles Graham Adam,30,5,0,2.172,N/A,Adam,Unknown,6,0,St. Mirren FC,Midfield - Central Midfield,"1,85 m",Scotland,unknown,https://www.transfermarkt.us/charlie-adam/profil/spieler/28990,https://img.a.transfermarkt.technology/portrait/small/28990-1596447146.jpg?lm=1,N/A,10.12.1985,Dundee,Retired
58,Keith Watson,Unknown,29,5,2,2.545,N/A,Watson,#15,7,0,St. Mirren FC,Defender - Centre-Back,"1,85 m",Scotland,unknown,https://www.transfermarkt.us/keith-watson/profil/spieler/27700,https://img.a.transfermarkt.technology/portrait/small/27700-1626339050.jpg?lm=1,N/A,14.11.1989,Livingston,Arbroath FC
59,Lewis Guy,Lewis Brett Guy,35,5,3,1.810,N/A,Guy,Unknown,3,1,St. Mirren FC,Attack - Centre-Forward,"1,75 m",England,unknown,https://www.transfermarkt.us/lewis-guy/profil/spieler/28800,https://img.a.transfermarkt.technology/portrait/small/default.jpg?lm=1,N/A,22.08.1985,Penrith,Retired
60,David Clarkson,David Thomas Clarkson,36,5,4,2.075,N/A,Clarkson,Unknown,3,0,St. Mirren FC,Attack - Centre-Forward,"1,78 m",Scotland,unknown,https://www.transfermarkt.us/david-clarkson/profil/spieler/12654,https://img.a.transfermarkt.technology/portrait/small/default.jpg?lm=1,N/A,10.09.1985,Bellshill,Retired
61,Ian McShane,Unknown,49,5,12,3.360,N/A,McShane,#22,5,0,St. Mirren FC,Midfield - Central Midfield,"1,75 m",Scotland,unknown,https://www.transfermarkt.us/ian-mcshane/profil/spieler/156751,https://img.a.transfermarkt.technology/portrait/small/default.jpg?lm=1,N/A,20.12.1992,Bellshill,East Kilbride FC
62,Scott Agnew,Unknown,28,5,3,2.171,N/A,Agnew,Unknown,3,0,St. Mirren FC,Midfield - Central Midfield,"1,73 m",Scotland,unknown,https://www.transfermarkt.us/scott-agnew/profil/spieler/27145,https://img.a.transfermarkt.technology/portrait/small/default.jpg?lm=1,N/A,11.07.1987,Prestwick,Retired
63,David van Zanten,Unknown,242,5,14,20.040,N/A,van Zanten,Unknown,35,0,St. Mirren FC,Defender,"1,78 m",Ireland,ie,https://www.transfermarkt.us/david-van-zanten/profil/spieler/14821,https://img.a.transfermarkt.technology/portrait/small/default.jpg?lm=1,N/A,08.05.1982,Dublin,Retired
64,Cody Cooke,Unknown,27,5,0,1.012,N/A,Cooke,#19,2,0,St. Mirren FC,Attack - Centre-Forward,"1,85 m",England,unknown,https://www.transfermarkt.us/cody-cooke/profil/spieler/550131,https://img.a.transfermarkt.technology/portrait/small/default.jpg?lm=1,N/A,02.03.1993,Truro,Torquay United
65,Conor McCarthy,Unknown,84,5,1,7.255,N/A,McCarthy,#21,11,0,St. Mirren FC,Defender - Centre-Back,"1,93 m",Ireland,ie,https://www.transfermarkt.us/conor-mccarthy/profil/spieler/382686,https://img.a.transfermarkt.technology/portrait/small/382686-1625662586.jpg?lm=1,N/A,11.04.1998,"Blarney, Cork",Barnsley FC
66,Jim Goodwin,James Michael Goodwin,181,5,5,14.875,N/A,Goodwin,Unknown,57,1,St. Mirren FC,Midfield - Defensive Midfield,"1,83 m",Ireland,ie,https://www.transfermarkt.us/jim-goodwin/profil/spieler/11354,https://img.a.transfermarkt.technology/portrait/small/default.jpg?lm=1,N/A,20.11.1981,Waterford,Retired
67,Cammy MacPherson,Cameron MacPherson,91,5,5,5.400,N/A,MacPherson,#5,7,0,St. Mirren FC,Midfield - Defensive Midfield,"1,73 m",Scotland,unknown,https://www.transfermarkt.us/cammy-macpherson/profil/spieler/399257,https://img.a.transfermarkt.technology/portrait/small/399257-1625663684.jpg?lm=1,N/A,29.12.1998,Glasgow,Tampa Bay Rowdies
68,Darren McGregor,Unknown,92,5,8,7.962,N/A,McGregor,Unknown,8,0,St. Mirren FC,Defender - Centre-Back,"1,80 m",Scotland,unknown,https://www.transfermarkt.us/darren-mcgregor/profil/spieler/43753,https://img.a.transfermarkt.technology/portrait/small/43753-1623747021.jpg?lm=1,N/A,07.08.1985,Edinburgh,Retired
69,Jason Naismith,Unknown,106,4,5,9.132,N/A,Naismith,Unknown,13,0,St. Mirren FC,Defender - Right-Back,"1,87 m",Scotland,unknown,https://www.transfermarkt.us/jason-naismith/profil/spieler/177020,https://img.a.transfermarkt.technology/portrait/small/177020-1481806729.jpg?lm=1,N/A,25.06.1994,Paisley,Johnstone Burgh FC
70,Mark Yardley,Unknown,45,4,0,2.393,N/A,Yardley,Unknown,4,0,St. Mirren FC,Attack,Unknown,Scotland,unknown,https://www.transfermarkt.us/mark-yardley/profil/spieler/1027400,https://img.a.transfermarkt.technology/portrait/small/default.jpg?lm=1,N/A,14.09.1969,Unknown,Retired
71,Lee Erwin,Lee Harry Erwin,42,4,2,2.111,N/A,Erwin,#9,1,0,St. Mirren FC,Attack - Centre-Forward,"1,88 m",Scotland,unknown,https://www.transfermarkt.us/lee-erwin/profil/spieler/161484,https://img.a.transfermarkt.technology/portrait/small/161484-1625664063.jpg?lm=1,N/A,19.03.1994,Bellshill,Gostivar
72,Stelios Dimitriou,Στέλιος Δημητρίου,46,4,5,3.122,N/A,Dimitriou,Unknown,9,1,St. Mirren FC,Defender - Left-Back,"1,82 m",Cyprus,cy,https://www.transfermarkt.us/stelios-dimitriou/profil/spieler/195685,https://img.a.transfermarkt.technology/portrait/small/195685-1612203881.jpg?lm=1,N/A,04.10.1990,London,AS Mandria
73,Franco Miranda,Franco Andrés Miranda,49,4,1,4.019,N/A,Miranda,Unknown,7,1,St. Mirren FC,Defender - Left-Back,"1,83 m",Argentina,ar,https://www.transfermarkt.us/franco-miranda/profil/spieler/26248,https://img.a.transfermarkt.technology/portrait/small/default.jpg?lm=1,N/A,13.05.1985,Comodoro Rivadavia,Retired
74,Dennis Wyness,Unknown,35,4,1,1.610,N/A,Wyness,Unknown,2,0,St. Mirren FC,Attack - Centre-Forward,"1,78 m",Scotland,unknown,https://www.transfermarkt.us/dennis-wyness/profil/spieler/12613,https://img.a.transfermarkt.technology/portrait/small/default.jpg?lm=1,N/A,22.03.1977,Aberdeen,Retired
75,Steven McGarry,Steven Thomas McGarry,34,4,0,1.700,N/A,McGarry,Unknown,0,0,St. Mirren FC,Midfield - Attacking Midfield,"1,75 m",Scotland,unknown,https://www.transfermarkt.us/steven-mcgarry/profil/spieler/14756,https://img.a.transfermarkt.technology/portrait/small/default.jpg?lm=1,N/A,28.09.1979,Paisley,Retired
76,Ethan Erhahon,Unknown,122,4,6,8.879,N/A,Erhahon,#6,17,2,St. Mirren FC,Midfield - Central Midfield,"1,76 m",Scotland,unknown,https://www.transfermarkt.us/ethan-erhahon/profil/spieler/463760,https://img.a.transfermarkt.technology/portrait/small/463760-1625663868.jpg?lm=1,N/A,09.05.2001,Glasgow,Lincoln City
77,Tom Walsh,Unknown,16,4,2,825.000,N/A,Walsh,Unknown,0,0,St. Mirren FC,Midfield - Left Midfield,"1,75 m",Scotland,unknown,https://www.transfermarkt.us/tom-walsh/profil/spieler/193897,https://img.a.transfermarkt.technology/portrait/small/default.jpg?lm=1,N/A,11.07.1996,Troon,Without Club
78,Junior Mendes,Albert Junior Hillyard Andrew Mendes,12,4,0,939.000,N/A,Mendes,Unknown,0,0,St. Mirren FC,Midfield - Attacking Midfield,"1,78 m",Montserrat,ms,https://www.transfermarkt.us/junior-mendes/profil/spieler/93311,https://img.a.transfermarkt.technology/portrait/small/default.jpg?lm=1,N/A,15.09.1976,London,Retired
79,Brian Gallagher,Unknown,4,4,0,390.000,N/A,Gallagher,Unknown,0,0,St. Mirren FC,Attack,Unknown,Scotland,unknown,https://www.transfermarkt.us/brian-gallagher/profil/spieler/572142,https://img.a.transfermarkt.technology/portrait/small/default.jpg?lm=1,N/A,08.09.1958,Glasgow,Retired
80,Keanu Baccus,Keanu Kole Baccus,72,4,4,4.900,N/A,Baccus,#17,19,0,St. Mirren FC,Midfield - Defensive Midfield,"1,78 m",Australia,au,https://www.transfermarkt.us/keanu-baccus/profil/spieler/479037,https://img.a.transfermarkt.technology/portrait/small/479037-1625838666.jpg?lm=1,N/A,07.06.1998,Durban,Mansfield Town
81,John McGinn,Unknown,98,4,7,7.598,N/A,McGinn,#7,15,0,St. Mirren FC,Midfield - Central Midfield,"1,78 m",Scotland,unknown,https://www.transfermarkt.us/john-mcginn/profil/spieler/193116,https://img.a.transfermarkt.technology/portrait/small/193116-1689172405.jpg?lm=1,N/A,18.10.1994,Glasgow,Aston Villa
82,Killian Phillips,Unknown,30,4,1,2.512,N/A,Phillips,#88,5,0,St. Mirren FC,Midfield - Central Midfield,"1,90 m",Ireland,ie,https://www.transfermarkt.us/killian-phillips/profil/spieler/801420,https://img.a.transfermarkt.technology/portrait/small/default.jpg?lm=1,N/A,30.03.2002,San Diego,St. Mirren FC
83,Kirk Broadfoot,Kirk John Broadfoot,95,4,0,8.203,N/A,Broadfoot,Unknown,17,0,St. Mirren FC,Defender - Centre-Back,"1,91 m",Scotland,unknown,https://www.transfermarkt.us/kirk-broadfoot/profil/spieler/14768,https://img.a.transfermarkt.technology/portrait/small/14768-1624878898.jpg?lm=1,N/A,08.08.1984,Irvine,Without Club
84,Adam Hammill,Adam James Hammill,13,4,4,911.000,N/A,Hammill,Unknown,2,0,St. Mirren FC,Attack - Right Winger,"1,80 m",England,unknown,https://www.transfermarkt.us/adam-hammill/profil/spieler/38091,https://img.a.transfermarkt.technology/portrait/small/38091-1475756348.jpg?lm=1,N/A,25.01.1988,Liverpool,Litherland REMYCA FC
85,Oisin Smyth,Unknown,25,4,0,1.012,N/A,Smyth,#8,3,0,St. Mirren FC,Midfield - Attacking Midfield,Unknown,Northern Ireland,unknown,https://www.transfermarkt.us/oisin-smyth/profil/spieler/605167,https://img.a.transfermarkt.technology/portrait/small/default.jpg?lm=1,N/A,05.05.2000,Derrytrasna,St. Mirren FC
86,Dylan Connolly,Dylan Edward Connolly,39,3,4,2.160,N/A,Connolly,#7,2,0,St. Mirren FC,Attack - Right Winger,"1,76 m",Ireland,ie,https://www.transfermarkt.us/dylan-connolly/profil/spieler/251838,https://img.a.transfermarkt.technology/portrait/small/default.jpg?lm=1,N/A,02.05.1995,Dublin,Glentoran FC
87,Ryan Hardie,Unknown,17,3,1,901.000,N/A,Hardie,#9,0,0,St. Mirren FC,Attack - Centre-Forward,"1,88 m",Scotland,unknown,https://www.transfermarkt.us/ryan-hardie/profil/spieler/249063,https://img.a.transfermarkt.technology/portrait/small/249063-1649404806.jpg?lm=1,N/A,17.03.1997,Stranraer,Plymouth Argyle
88,Chris Innes,Unknown,25,3,0,1.941,N/A,Innes,Unknown,5,1,St. Mirren FC,Defender - Centre-Back,"1,86 m",Scotland,unknown,https://www.transfermarkt.us/chris-innes/profil/spieler/14105,https://img.a.transfermarkt.technology/portrait/small/default.jpg?lm=1,N/A,13.07.1976,Broxburn,Retired
89,Conor McMenamin,Unknown,40,3,2,2.579,N/A,McMenamin,#10,6,0,St. Mirren FC,Attack - Left Winger,"1,83 m",Northern Ireland,unknown,https://www.transfermarkt.us/conor-mcmenamin/profil/spieler/260100,https://img.a.transfermarkt.technology/portrait/small/260100-1712328829.jpg?lm=1,N/A,24.08.1995,Downpatrick,St. Mirren FC
90,Gareth Wardlaw,Unknown,24,3,2,1.468,N/A,Wardlaw,Unknown,6,0,St. Mirren FC,Attack - Centre-Forward,"1,83 m",Scotland,unknown,https://www.transfermarkt.us/gareth-wardlaw/profil/spieler/36811,https://img.a.transfermarkt.technology/portrait/small/default.jpg?lm=1,N/A,07.03.1979,Kirkcaldy,Retired
91,Jamie McGowan,Unknown,37,3,0,3.182,N/A,McGowan,Unknown,9,0,St. Mirren FC,Defender,Unknown,Scotland,unknown,https://www.transfermarkt.us/jamie-mcgowan/profil/spieler/61041,https://img.a.transfermarkt.technology/portrait/small/default.jpg?lm=1,N/A,05.12.1970,Unknown,Retired
92,Roland Idowu,Unknown,29,3,1,1.248,N/A,Idowu,#12,5,0,St. Mirren FC,Midfield - Central Midfield,"1,83 m",Ireland,ie,https://www.transfermarkt.us/roland-idowu/profil/spieler/626334,https://img.a.transfermarkt.technology/portrait/small/default.jpg?lm=1,N/A,21.01.2002,Dublin,St. Mirren FC
93,Adam Drury,Adam John Drury,16,3,1,1.085,N/A,Drury,Unknown,1,0,St. Mirren FC,Defender - Right-Back,"1,79 m",England,unknown,https://www.transfermarkt.us/adam-drury/profil/spieler/186292,https://img.a.transfermarkt.technology/portrait/small/default.jpg?lm=1,N/A,09.09.1993,Grimsby,Grimsby Borough FC
94,Stav Nachmani,סתיו נחמני,13,3,1,355.000,N/A,Nachmani,Unknown,0,0,St. Mirren FC,Attack - Centre-Forward,"1,82 m",Israel,il,https://www.transfermarkt.us/stav-nachmani/profil/spieler/668592,https://img.a.transfermarkt.technology/portrait/small/default.jpg?lm=1,N/A,06.10.2002,Unknown,FC Ashdod
95,Sam Parkin,Samuel Parkin,33,3,2,1.589,N/A,Parkin,Unknown,3,0,St. Mirren FC,Attack - Centre-Forward,"1,88 m",Scotland,unknown,https://www.transfermarkt.us/sam-parkin/profil/spieler/3783,https://img.a.transfermarkt.technology/portrait/small/default.jpg?lm=1,N/A,14.03.1981,Roehampton,Retired
96,Alex Iacovitti,Alexander Iacovitti,16,3,0,931.000,N/A,Iacovitti,#4,3,0,St. Mirren FC,Defender - Centre-Back,"1,93 m",Scotland,unknown,https://www.transfermarkt.us/alex-iacovitti/profil/spieler/287051,https://img.a.transfermarkt.technology/portrait/small/287051-1626338800.jpg?lm=1,N/A,02.09.1997,Nottingham,St. Mirren FC
97,Ross Stewart,Ross Cameron Stewart,21,3,1,878.000,N/A,Stewart,#11,1,0,St. Mirren FC,Attack - Centre-Forward,"1,88 m",Scotland,unknown,https://www.transfermarkt.us/ross-stewart/profil/spieler/447995,https://img.a.transfermarkt.technology/portrait/small/447995-1645779367.jpg?lm=1,N/A,11.07.1996,Irvine,Southampton FC
98,Hugh Murray,Unknown,246,3,5,19.459,N/A,Murray,Unknown,60,1,St. Mirren FC,Midfield - Central Midfield,"1,79 m",Scotland,unknown,https://www.transfermarkt.us/hugh-murray/profil/spieler/14806,https://img.a.transfermarkt.technology/portrait/small/default.jpg?lm=1,N/A,08.01.1979,Bellshill,Without Club
99,John O'Neill,John Joseph O'Neill,9,3,0,506.000,N/A,O'Neill,Unknown,0,0,St. Mirren FC,Midfield - Attacking Midfield,"1,75 m",Scotland,unknown,https://www.transfermarkt.us/john-oneill/profil/spieler/14845,https://img.a.transfermarkt.technology/portrait/small/default.jpg?lm=1,N/A,03.01.1974,Glasgow,Retired
100,Gary Teale,Gary Stewart Teale,105,3,15,6.433,N/A,Teale,Unknown,4,0,St. Mirren FC,Attack - Right Winger,,Scotland,unknown,https://www.transfermarkt.us/gary-teale/profil/spieler/13543,https://img.a.transfermarkt.technology/portrait/small/default.jpg?lm=1,N/A,21.07.1978,Glasgow,Retired
